country_name;year;v2lgfemleg;v2lgqugen;e_regionpol;cota;regiao;value
Argentina;1983;3,9;0;2;Sem Cota;América Latina;1
Argentina;1984;3,9;0;2;Sem Cota;América Latina;1
Argentina;1985;3,9;0;2;Sem Cota;América Latina;1
Argentina;1986;3,9;0;2;Sem Cota;América Latina;1
Argentina;1987;4,7;0;2;Sem Cota;América Latina;1
Argentina;1988;4,7;0;2;Sem Cota;América Latina;1
Argentina;1989;6,3;0;2;Sem Cota;América Latina;1
Argentina;1990;6,3;0;2;Sem Cota;América Latina;1
Argentina;1991;5,8;0;2;Sem Cota;América Latina;1
Argentina;1992;5,8;0;2;Sem Cota;América Latina;1
Argentina;1993;14,4;3;2;Legislativa;América Latina;1
Argentina;1994;14,4;3;2;Legislativa;América Latina;1
Argentina;1995;21,8;3;2;Legislativa;América Latina;1
Argentina;1996;21,8;3;2;Legislativa;América Latina;1
Argentina;1997;27,6;3;2;Legislativa;América Latina;1
Argentina;1998;27,6;3;2;Legislativa;América Latina;1
Argentina;1999;26,46;3;2;Legislativa;América Latina;1
Argentina;2000;26,46;3;2;Legislativa;América Latina;1
Argentina;2001;30,74;3;2;Legislativa;América Latina;1
Argentina;2002;30,74;3;2;Legislativa;América Latina;1
Argentina;2003;30,74;3;2;Legislativa;América Latina;1
Argentina;2004;35,41;3;2;Legislativa;América Latina;1
Argentina;2005;35,41;3;2;Legislativa;América Latina;1
Argentina;2006;35,02;3;2;Legislativa;América Latina;1
Argentina;2007;40;3;2;Legislativa;América Latina;1
Argentina;2008;40;3;2;Legislativa;América Latina;1
Argentina;2009;38,52;3;2;Legislativa;América Latina;1
Argentina;2010;38,52;3;2;Legislativa;América Latina;1
Argentina;2011;37,35;3;2;Legislativa;América Latina;1
Argentina;2012;37,35;3;2;Legislativa;América Latina;1
Argentina;2013;36,58;3;2;Legislativa;América Latina;1
Argentina;2014;36,19;3;2;Legislativa;América Latina;1
Argentina;2015;35,8;3;2;Legislativa;América Latina;1
Argentina;2016;38,91;3;2;Legislativa;América Latina;1
Argentina;2017;38,91;3;2;Legislativa;América Latina;1
Argentina;2018;38,82;3;2;Legislativa;América Latina;1
Argentina;2019;40,86;3;2;Legislativa;América Latina;1
Argentina;2020;40,86;3;2;Legislativa;América Latina;1
Bolivia;1985;3,1;0;2;Sem Cota;América Latina;1
Bolivia;1986;3,1;0;2;Sem Cota;América Latina;1
Bolivia;1987;3,1;0;2;Sem Cota;América Latina;1
Bolivia;1988;3,1;0;2;Sem Cota;América Latina;1
Bolivia;1989;9,2;0;2;Sem Cota;América Latina;1
Bolivia;1990;9,2;0;2;Sem Cota;América Latina;1
Bolivia;1991;9,2;0;2;Sem Cota;América Latina;1
Bolivia;1992;9,2;0;2;Sem Cota;América Latina;1
Bolivia;1993;10,8;0;2;Sem Cota;América Latina;1
Bolivia;1994;10,8;0;2;Sem Cota;América Latina;1
Bolivia;1995;10,8;0;2;Sem Cota;América Latina;1
Bolivia;1996;10,8;0;2;Sem Cota;América Latina;1
Bolivia;1997;11,5;3;2;Legislativa;América Latina;1
Bolivia;1998;11,5;3;2;Legislativa;América Latina;1
Bolivia;1999;11,54;3;2;Legislativa;América Latina;1
Bolivia;2000;11,54;3;2;Legislativa;América Latina;1
Bolivia;2001;11,54;3;2;Legislativa;América Latina;1
Bolivia;2002;18,46;3;2;Legislativa;América Latina;1
Bolivia;2003;18,46;3;2;Legislativa;América Latina;1
Bolivia;2004;18,46;3;2;Legislativa;América Latina;1
Bolivia;2005;16,92;3;2;Legislativa;América Latina;1
Bolivia;2006;16,92;3;2;Legislativa;América Latina;1
Bolivia;2007;16,92;3;2;Legislativa;América Latina;1
Bolivia;2008;16,92;3;2;Legislativa;América Latina;1
Bolivia;2009;22,31;3;2;Legislativa;América Latina;1
Bolivia;2010;25,38;3;2;Legislativa;América Latina;1
Bolivia;2011;22,31;3;2;Legislativa;América Latina;1
Bolivia;2012;22,31;3;2;Legislativa;América Latina;1
Bolivia;2013;22,31;3;2;Legislativa;América Latina;1
Bolivia;2014;53,08;3;2;Legislativa;América Latina;1
Bolivia;2015;53,08;3;2;Legislativa;América Latina;1
Bolivia;2016;53,08;3;2;Legislativa;América Latina;1
Bolivia;2017;53,08;3;2;Legislativa;América Latina;1
Bolivia;2018;53,08;3;2;Legislativa;América Latina;1
Bolivia;2019;53,08;3;2;Legislativa;América Latina;1
Bolivia;2020;53,08;3;2;Legislativa;América Latina;1
Brazil;1987;5,3;0;2;Sem Cota;América Latina;1
Brazil;1988;5,3;0;2;Sem Cota;América Latina;1
Brazil;1989;5,3;0;2;Sem Cota;América Latina;1
Brazil;1990;5,6;0;2;Sem Cota;América Latina;1
Brazil;1991;5,6;0;2;Sem Cota;América Latina;1
Brazil;1992;5,6;0;2;Sem Cota;América Latina;1
Brazil;1993;5,6;0;2;Sem Cota;América Latina;1
Brazil;1994;6,6;0;2;Sem Cota;América Latina;1
Brazil;1995;6,6;0;2;Sem Cota;América Latina;1
Brazil;1996;6,6;0;2;Sem Cota;América Latina;1
Brazil;1997;6,6;0;2;Sem Cota;América Latina;1
Brazil;1998;5,7;1;2;Legislativa;América Latina;1
Brazil;1999;5,65;1;2;Legislativa;América Latina;1
Brazil;2000;5,65;1;2;Legislativa;América Latina;1
Brazil;2001;5,65;1;2;Legislativa;América Latina;1
Brazil;2002;8,58;1;2;Legislativa;América Latina;1
Brazil;2003;8,58;1;2;Legislativa;América Latina;1
Brazil;2004;8,58;1;2;Legislativa;América Latina;1
Brazil;2005;8,58;1;2;Legislativa;América Latina;1
Brazil;2006;8,77;1;2;Legislativa;América Latina;1
Brazil;2007;8,97;1;2;Legislativa;América Latina;1
Brazil;2008;8,97;1;2;Legislativa;América Latina;1
Brazil;2009;8,77;1;2;Legislativa;América Latina;1
Brazil;2010;8,58;2;2;Legislativa;América Latina;1
Brazil;2011;8,58;2;2;Legislativa;América Latina;1
Brazil;2012;8,58;2;2;Legislativa;América Latina;1
Brazil;2013;8,58;2;2;Legislativa;América Latina;1
Brazil;2014;9,94;2;2;Legislativa;América Latina;1
Brazil;2015;9,94;2;2;Legislativa;América Latina;1
Brazil;2016;10,72;2;2;Legislativa;América Latina;1
Brazil;2017;10,72;2;2;Legislativa;América Latina;1
Brazil;2018;10,72;2;2;Legislativa;América Latina;1
Brazil;2019;14,62;2;2;Legislativa;América Latina;1
Brazil;2020;14,62;2;2;Legislativa;América Latina;1
Chile;1989;;0;2;Sem Cota;América Latina;1
Chile;1990;5,8;0;2;Sem Cota;América Latina;1
Chile;1991;5,8;0;2;Sem Cota;América Latina;1
Chile;1992;5,8;0;2;Sem Cota;América Latina;1
Chile;1993;7,5;0;2;Sem Cota;América Latina;1
Chile;1994;7,5;0;2;Sem Cota;América Latina;1
Chile;1995;7,5;0;2;Sem Cota;América Latina;1
Chile;1996;7,5;0;2;Sem Cota;América Latina;1
Chile;1997;10,8;0;2;Sem Cota;América Latina;1
Chile;1998;10,8;0;2;Sem Cota;América Latina;1
Chile;1999;10,83;0;2;Sem Cota;América Latina;1
Chile;2000;10,83;0;2;Sem Cota;América Latina;1
Chile;2001;12,5;0;2;Sem Cota;América Latina;1
Chile;2002;12,5;0;2;Sem Cota;América Latina;1
Chile;2003;12,5;0;2;Sem Cota;América Latina;1
Chile;2004;12,5;0;2;Sem Cota;América Latina;1
Chile;2005;15;0;2;Sem Cota;América Latina;1
Chile;2006;15;0;2;Sem Cota;América Latina;1
Chile;2007;15;0;2;Sem Cota;América Latina;1
Chile;2008;15;0;2;Sem Cota;América Latina;1
Chile;2009;14,17;0;2;Sem Cota;América Latina;1
Chile;2010;14,17;0;2;Sem Cota;América Latina;1
Chile;2011;14,17;0;2;Sem Cota;América Latina;1
Chile;2012;14,17;0;2;Sem Cota;América Latina;1
Chile;2013;15,83;0;2;Sem Cota;América Latina;1
Chile;2014;15,83;0;2;Sem Cota;América Latina;1
Chile;2015;15,83;0;2;Sem Cota;América Latina;1
Chile;2016;15,83;0;2;Sem Cota;América Latina;1
Chile;2017;22,58;3;2;Legislativa;América Latina;1
Chile;2018;22,58;3;2;Legislativa;América Latina;1
Chile;2019;22,58;3;2;Legislativa;América Latina;1
Chile;2020;22,58;3;2;Legislativa;América Latina;1
Colombia;1947;0;0;2;Sem Cota;América Latina;1
Colombia;1948;0;0;2;Sem Cota;América Latina;1
Colombia;1949;;0;2;Sem Cota;América Latina;1
Colombia;1950;;0;2;Sem Cota;América Latina;1
Colombia;1951;0;0;2;Sem Cota;América Latina;1
Colombia;1952;0;0;2;Sem Cota;América Latina;1
Colombia;1953;0;0;2;Sem Cota;América Latina;1
Colombia;1954;0;0;2;Sem Cota;América Latina;1
Colombia;1955;0;0;2;Sem Cota;América Latina;1
Colombia;1956;0;0;2;Sem Cota;América Latina;1
Colombia;1957;0;0;2;Sem Cota;América Latina;1
Colombia;1958;5,4;0;2;Sem Cota;América Latina;1
Colombia;1959;5,4;0;2;Sem Cota;América Latina;1
Colombia;1960;2,7;0;2;Sem Cota;América Latina;1
Colombia;1961;2,7;0;2;Sem Cota;América Latina;1
Colombia;1962;4,3;0;2;Sem Cota;América Latina;1
Colombia;1963;4,3;0;2;Sem Cota;América Latina;1
Colombia;1964;4,9;0;2;Sem Cota;América Latina;1
Colombia;1965;4,9;0;2;Sem Cota;América Latina;1
Colombia;1966;3,7;0;2;Sem Cota;América Latina;1
Colombia;1967;3,7;0;2;Sem Cota;América Latina;1
Colombia;1968;3,9;0;2;Sem Cota;América Latina;1
Colombia;1969;3,9;0;2;Sem Cota;América Latina;1
Colombia;1970;4,3;0;2;Sem Cota;América Latina;1
Colombia;1971;4,3;0;2;Sem Cota;América Latina;1
Colombia;1972;4,3;0;2;Sem Cota;América Latina;1
Colombia;1973;4,3;0;2;Sem Cota;América Latina;1
Colombia;1974;6;0;2;Sem Cota;América Latina;1
Colombia;1975;6;0;2;Sem Cota;América Latina;1
Colombia;1976;6;0;2;Sem Cota;América Latina;1
Colombia;1977;6;0;2;Sem Cota;América Latina;1
Colombia;1978;5;0;2;Sem Cota;América Latina;1
Colombia;1979;5;0;2;Sem Cota;América Latina;1
Colombia;1980;5;0;2;Sem Cota;América Latina;1
Colombia;1981;5;0;2;Sem Cota;América Latina;1
Colombia;1982;3,5;0;2;Sem Cota;América Latina;1
Colombia;1983;3,5;0;2;Sem Cota;América Latina;1
Colombia;1984;3,5;0;2;Sem Cota;América Latina;1
Colombia;1985;3,5;0;2;Sem Cota;América Latina;1
Colombia;1986;4,5;0;2;Sem Cota;América Latina;1
Colombia;1987;4,5;0;2;Sem Cota;América Latina;1
Colombia;1988;4,5;0;2;Sem Cota;América Latina;1
Colombia;1989;4,5;0;2;Sem Cota;América Latina;1
Colombia;1990;8,5;0;2;Sem Cota;América Latina;1
Colombia;1991;10,2;0;2;Sem Cota;América Latina;1
Colombia;1992;10,2;0;2;Sem Cota;América Latina;1
Colombia;1993;10,2;0;2;Sem Cota;América Latina;1
Colombia;1994;10,8;0;2;Sem Cota;América Latina;1
Colombia;1995;10,8;0;2;Sem Cota;América Latina;1
Colombia;1996;10,8;0;2;Sem Cota;América Latina;1
Colombia;1997;10,8;0;2;Sem Cota;América Latina;1
Colombia;1998;11,8;0;2;Sem Cota;América Latina;1
Colombia;1999;11,8;0;2;Sem Cota;América Latina;1
Colombia;2000;11,8;0;2;Sem Cota;América Latina;1
Colombia;2001;11,8;0;2;Sem Cota;América Latina;1
Colombia;2002;12,05;0;2;Sem Cota;América Latina;1
Colombia;2003;12,05;0;2;Sem Cota;América Latina;1
Colombia;2004;12,05;0;2;Sem Cota;América Latina;1
Colombia;2005;12,05;0;2;Sem Cota;América Latina;1
Colombia;2006;8,43;0;2;Sem Cota;América Latina;1
Colombia;2007;8,43;0;2;Sem Cota;América Latina;1
Colombia;2008;8,43;0;2;Sem Cota;América Latina;1
Colombia;2009;8,43;0;2;Sem Cota;América Latina;1
Colombia;2010;12,65;0;2;Sem Cota;América Latina;1
Colombia;2011;12,65;0;2;Sem Cota;América Latina;1
Colombia;2012;12,65;0;2;Sem Cota;América Latina;1
Colombia;2013;12,65;0;2;Sem Cota;América Latina;1
Colombia;2014;19,88;3;2;Legislativa;América Latina;1
Colombia;2015;19,88;3;2;Legislativa;América Latina;1
Colombia;2016;18,67;3;2;Legislativa;América Latina;1
Colombia;2017;18,67;3;2;Legislativa;América Latina;1
Colombia;2018;18,13;3;2;Legislativa;América Latina;1
Colombia;2019;18,34;3;2;Legislativa;América Latina;1
Colombia;2020;18,34;3;2;Legislativa;América Latina;1
Costa Rica;1950;0;0;2;Sem Cota;América Latina;1
Costa Rica;1951;0;0;2;Sem Cota;América Latina;1
Costa Rica;1952;0;0;2;Sem Cota;América Latina;1
Costa Rica;1953;6,7;0;2;Sem Cota;América Latina;1
Costa Rica;1954;6,7;0;2;Sem Cota;América Latina;1
Costa Rica;1955;6,7;0;2;Sem Cota;América Latina;1
Costa Rica;1956;6,7;0;2;Sem Cota;América Latina;1
Costa Rica;1957;6,7;0;2;Sem Cota;América Latina;1
Costa Rica;1958;4,4;0;2;Sem Cota;América Latina;1
Costa Rica;1959;4,4;0;2;Sem Cota;América Latina;1
Costa Rica;1960;4,4;0;2;Sem Cota;América Latina;1
Costa Rica;1961;4,4;0;2;Sem Cota;América Latina;1
Costa Rica;1962;1,8;0;2;Sem Cota;América Latina;1
Costa Rica;1963;1,8;0;2;Sem Cota;América Latina;1
Costa Rica;1964;1,8;0;2;Sem Cota;América Latina;1
Costa Rica;1965;1,8;0;2;Sem Cota;América Latina;1
Costa Rica;1966;5,2;0;2;Sem Cota;América Latina;1
Costa Rica;1967;5,2;0;2;Sem Cota;América Latina;1
Costa Rica;1968;5,2;0;2;Sem Cota;América Latina;1
Costa Rica;1969;5,2;0;2;Sem Cota;América Latina;1
Costa Rica;1970;7;0;2;Sem Cota;América Latina;1
Costa Rica;1971;7;0;2;Sem Cota;América Latina;1
Costa Rica;1972;7;0;2;Sem Cota;América Latina;1
Costa Rica;1973;7;0;2;Sem Cota;América Latina;1
Costa Rica;1974;5,3;0;2;Sem Cota;América Latina;1
Costa Rica;1975;5,3;0;2;Sem Cota;América Latina;1
Costa Rica;1976;5,3;0;2;Sem Cota;América Latina;1
Costa Rica;1977;5,3;0;2;Sem Cota;América Latina;1
Costa Rica;1978;7;0;2;Sem Cota;América Latina;1
Costa Rica;1979;7;0;2;Sem Cota;América Latina;1
Costa Rica;1980;7;0;2;Sem Cota;América Latina;1
Costa Rica;1981;7;0;2;Sem Cota;América Latina;1
Costa Rica;1982;7;0;2;Sem Cota;América Latina;1
Costa Rica;1983;7;0;2;Sem Cota;América Latina;1
Costa Rica;1984;7;0;2;Sem Cota;América Latina;1
Costa Rica;1985;7;0;2;Sem Cota;América Latina;1
Costa Rica;1986;10,5;0;2;Sem Cota;América Latina;1
Costa Rica;1987;10,5;0;2;Sem Cota;América Latina;1
Costa Rica;1988;10,5;0;2;Sem Cota;América Latina;1
Costa Rica;1989;10,5;0;2;Sem Cota;América Latina;1
Costa Rica;1990;12,3;0;2;Sem Cota;América Latina;1
Costa Rica;1991;12,3;0;2;Sem Cota;América Latina;1
Costa Rica;1992;12,3;0;2;Sem Cota;América Latina;1
Costa Rica;1993;12,3;0;2;Sem Cota;América Latina;1
Costa Rica;1994;14;0;2;Sem Cota;América Latina;1
Costa Rica;1995;14;0;2;Sem Cota;América Latina;1
Costa Rica;1996;14;0;2;Sem Cota;América Latina;1
Costa Rica;1997;14;0;2;Sem Cota;América Latina;1
Costa Rica;1998;19,3;1;2;Legislativa;América Latina;1
Costa Rica;1999;19,3;1;2;Legislativa;América Latina;1
Costa Rica;2000;19,3;1;2;Legislativa;América Latina;1
Costa Rica;2001;19,3;1;2;Legislativa;América Latina;1
Costa Rica;2002;31,58;3;2;Legislativa;América Latina;1
Costa Rica;2003;31,58;3;2;Legislativa;América Latina;1
Costa Rica;2004;31,58;3;2;Legislativa;América Latina;1
Costa Rica;2005;31,58;3;2;Legislativa;América Latina;1
Costa Rica;2006;38,6;3;2;Legislativa;América Latina;1
Costa Rica;2007;36,8;3;2;Legislativa;América Latina;1
Costa Rica;2008;36,8;3;2;Legislativa;América Latina;1
Costa Rica;2009;36,8;3;2;Legislativa;América Latina;1
Costa Rica;2010;38,6;3;2;Legislativa;América Latina;1
Costa Rica;2011;38,6;3;2;Legislativa;América Latina;1
Costa Rica;2012;38,6;3;2;Legislativa;América Latina;1
Costa Rica;2013;38,6;3;2;Legislativa;América Latina;1
Costa Rica;2014;33,33;3;2;Legislativa;América Latina;1
Costa Rica;2015;33,33;3;2;Legislativa;América Latina;1
Costa Rica;2016;35,09;3;2;Legislativa;América Latina;1
Costa Rica;2017;35,09;3;2;Legislativa;América Latina;1
Costa Rica;2018;45,61;3;2;Legislativa;América Latina;1
Costa Rica;2019;45,61;3;2;Legislativa;América Latina;1
Costa Rica;2020;45,61;3;2;Legislativa;América Latina;1
Dominican Republic;1966;4,1;0;2;Sem Cota;América Latina;1
Dominican Republic;1967;4,1;0;2;Sem Cota;América Latina;1
Dominican Republic;1968;4,1;0;2;Sem Cota;América Latina;1
Dominican Republic;1969;4,1;0;2;Sem Cota;América Latina;1
Dominican Republic;1970;4,1;0;2;Sem Cota;América Latina;1
Dominican Republic;1971;4,1;0;2;Sem Cota;América Latina;1
Dominican Republic;1972;4,1;0;2;Sem Cota;América Latina;1
Dominican Republic;1973;4,1;0;2;Sem Cota;América Latina;1
Dominican Republic;1974;14,3;0;2;Sem Cota;América Latina;1
Dominican Republic;1975;14,3;0;2;Sem Cota;América Latina;1
Dominican Republic;1976;14,3;0;2;Sem Cota;América Latina;1
Dominican Republic;1977;14,3;0;2;Sem Cota;América Latina;1
Dominican Republic;1978;12,1;0;2;Sem Cota;América Latina;1
Dominican Republic;1979;12,1;0;2;Sem Cota;América Latina;1
Dominican Republic;1980;12,1;0;2;Sem Cota;América Latina;1
Dominican Republic;1981;12,1;0;2;Sem Cota;América Latina;1
Dominican Republic;1982;5,8;0;2;Sem Cota;América Latina;1
Dominican Republic;1983;5,8;0;2;Sem Cota;América Latina;1
Dominican Republic;1984;5,8;0;2;Sem Cota;América Latina;1
Dominican Republic;1985;5,8;0;2;Sem Cota;América Latina;1
Dominican Republic;1986;7,5;0;2;Sem Cota;América Latina;1
Dominican Republic;1987;7,5;0;2;Sem Cota;América Latina;1
Dominican Republic;1988;7,5;0;2;Sem Cota;América Latina;1
Dominican Republic;1989;7,5;0;2;Sem Cota;América Latina;1
Dominican Republic;1990;11,7;0;2;Sem Cota;América Latina;1
Dominican Republic;1991;11,7;0;2;Sem Cota;América Latina;1
Dominican Republic;1992;11,7;0;2;Sem Cota;América Latina;1
Dominican Republic;1993;11,7;0;2;Sem Cota;América Latina;1
Dominican Republic;1994;11,7;0;2;Sem Cota;América Latina;1
Dominican Republic;1995;11,7;0;2;Sem Cota;América Latina;1
Dominican Republic;1996;11,7;0;2;Sem Cota;América Latina;1
Dominican Republic;1997;11,7;0;2;Sem Cota;América Latina;1
Dominican Republic;1998;16,1;1;2;Legislativa;América Latina;1
Dominican Republic;1999;16,11;1;2;Legislativa;América Latina;1
Dominican Republic;2000;16,11;1;2;Legislativa;América Latina;1
Dominican Republic;2001;16,11;1;2;Legislativa;América Latina;1
Dominican Republic;2002;17,33;1;2;Legislativa;América Latina;1
Dominican Republic;2003;17,33;1;2;Legislativa;América Latina;1
Dominican Republic;2004;17,33;1;2;Legislativa;América Latina;1
Dominican Republic;2005;17,33;1;2;Legislativa;América Latina;1
Dominican Republic;2006;19,66;1;2;Legislativa;América Latina;1
Dominican Republic;2007;19,66;1;2;Legislativa;América Latina;1
Dominican Republic;2008;19,66;1;2;Legislativa;América Latina;1
Dominican Republic;2009;19,66;1;2;Legislativa;América Latina;1
Dominican Republic;2010;20,77;1;2;Legislativa;América Latina;1
Dominican Republic;2011;20,77;1;2;Legislativa;América Latina;1
Dominican Republic;2012;20,77;1;2;Legislativa;América Latina;1
Dominican Republic;2013;20,77;1;2;Legislativa;América Latina;1
Dominican Republic;2014;20,77;1;2;Legislativa;América Latina;1
Dominican Republic;2015;20,77;1;2;Legislativa;América Latina;1
Dominican Republic;2016;26,84;1;2;Legislativa;América Latina;1
Dominican Republic;2017;26,84;1;2;Legislativa;América Latina;1
Dominican Republic;2018;26,84;1;2;Legislativa;América Latina;1
Dominican Republic;2019;26,84;1;2;Legislativa;América Latina;1
Dominican Republic;2020;27,89;1;2;Legislativa;América Latina;1
Ecuador;1985;4,2;0;2;Sem Cota;América Latina;1
Ecuador;1986;1,4;0;2;Sem Cota;América Latina;1
Ecuador;1987;1,4;0;2;Sem Cota;América Latina;1
Ecuador;1988;4,5;0;2;Sem Cota;América Latina;1
Ecuador;1989;4,5;0;2;Sem Cota;América Latina;1
Ecuador;1990;7,5;0;2;Sem Cota;América Latina;1
Ecuador;1991;7,5;0;2;Sem Cota;América Latina;1
Ecuador;1992;6;0;2;Sem Cota;América Latina;1
Ecuador;1993;6;0;2;Sem Cota;América Latina;1
Ecuador;1994;4,5;0;2;Sem Cota;América Latina;1
Ecuador;1995;4,5;0;2;Sem Cota;América Latina;1
Ecuador;1996;3,7;0;2;Sem Cota;América Latina;1
Ecuador;1997;3,7;0;2;Sem Cota;América Latina;1
Ecuador;1998;17,4;3;2;Legislativa;América Latina;1
Ecuador;1999;17,36;3;2;Legislativa;América Latina;1
Ecuador;2000;17,36;3;2;Legislativa;América Latina;1
Ecuador;2001;17,36;3;2;Legislativa;América Latina;1
Ecuador;2002;16;3;2;Legislativa;América Latina;1
Ecuador;2003;16;3;2;Legislativa;América Latina;1
Ecuador;2004;16;3;2;Legislativa;América Latina;1
Ecuador;2005;16;3;2;Legislativa;América Latina;1
Ecuador;2006;25;3;2;Legislativa;América Latina;1
Ecuador;2007;25;3;2;Legislativa;América Latina;1
Ecuador;2008;25;3;2;Legislativa;América Latina;1
Ecuador;2009;32,26;3;2;Legislativa;América Latina;1
Ecuador;2010;32,26;3;2;Legislativa;América Latina;1
Ecuador;2011;32,26;3;2;Legislativa;América Latina;1
Ecuador;2012;32,26;3;2;Legislativa;América Latina;1
Ecuador;2013;38,69;3;2;Legislativa;América Latina;1
Ecuador;2014;41,61;3;2;Legislativa;América Latina;1
Ecuador;2015;41,61;3;2;Legislativa;América Latina;1
Ecuador;2016;41,61;3;2;Legislativa;América Latina;1
Ecuador;2017;37,96;3;2;Legislativa;América Latina;1
Ecuador;2018;37,96;3;2;Legislativa;América Latina;1
Ecuador;2019;39,42;3;2;Legislativa;América Latina;1
Ecuador;2020;39,42;3;2;Legislativa;América Latina;1
El Salvador;1985;6,7;0;2;Sem Cota;América Latina;1
El Salvador;1986;6,7;0;2;Sem Cota;América Latina;1
El Salvador;1987;6,7;0;2;Sem Cota;América Latina;1
El Salvador;1988;11,7;0;2;Sem Cota;América Latina;1
El Salvador;1989;11,7;0;2;Sem Cota;América Latina;1
El Salvador;1990;11,7;0;2;Sem Cota;América Latina;1
El Salvador;1991;8,3;0;2;Sem Cota;América Latina;1
El Salvador;1992;8,3;0;2;Sem Cota;América Latina;1
El Salvador;1993;8,3;0;2;Sem Cota;América Latina;1
El Salvador;1994;10,7;0;2;Sem Cota;América Latina;1
El Salvador;1995;10,7;0;2;Sem Cota;América Latina;1
El Salvador;1996;10,7;0;2;Sem Cota;América Latina;1
El Salvador;1997;16,7;0;2;Sem Cota;América Latina;1
El Salvador;1998;16,7;0;2;Sem Cota;América Latina;1
El Salvador;1999;15,48;0;2;Sem Cota;América Latina;1
El Salvador;2000;9,52;0;2;Sem Cota;América Latina;1
El Salvador;2001;9,52;0;2;Sem Cota;América Latina;1
El Salvador;2002;9,52;0;2;Sem Cota;América Latina;1
El Salvador;2003;10,71;0;2;Sem Cota;América Latina;1
El Salvador;2004;10,71;0;2;Sem Cota;América Latina;1
El Salvador;2005;10,71;0;2;Sem Cota;América Latina;1
El Salvador;2006;16,67;0;2;Sem Cota;América Latina;1
El Salvador;2007;16,67;0;2;Sem Cota;América Latina;1
El Salvador;2008;16,67;0;2;Sem Cota;América Latina;1
El Salvador;2009;19,05;0;2;Sem Cota;América Latina;1
El Salvador;2010;19,05;0;2;Sem Cota;América Latina;1
El Salvador;2011;19,05;0;2;Sem Cota;América Latina;1
El Salvador;2012;26,19;0;2;Sem Cota;América Latina;1
El Salvador;2013;27,38;0;2;Sem Cota;América Latina;1
El Salvador;2014;27,38;0;2;Sem Cota;América Latina;1
El Salvador;2015;32,14;2;2;Legislativa;América Latina;1
El Salvador;2016;32,14;2;2;Legislativa;América Latina;1
El Salvador;2017;32,14;2;2;Legislativa;América Latina;1
El Salvador;2018;30,95;2;2;Legislativa;América Latina;1
El Salvador;2019;33,33;2;2;Legislativa;América Latina;1
El Salvador;2020;33,33;2;2;Legislativa;América Latina;1
Guatemala;1986;7;0;2;Sem Cota;América Latina;1
Guatemala;1987;7;0;2;Sem Cota;América Latina;1
Guatemala;1988;7;0;2;Sem Cota;América Latina;1
Guatemala;1989;7;0;2;Sem Cota;América Latina;1
Guatemala;1990;5,2;0;2;Sem Cota;América Latina;1
Guatemala;1991;5,2;0;2;Sem Cota;América Latina;1
Guatemala;1992;5,2;0;2;Sem Cota;América Latina;1
Guatemala;1993;5,2;0;2;Sem Cota;América Latina;1
Guatemala;1994;7,5;0;2;Sem Cota;América Latina;1
Guatemala;1995;12,5;0;2;Sem Cota;América Latina;1
Guatemala;1996;12,5;0;2;Sem Cota;América Latina;1
Guatemala;1997;12,5;0;2;Sem Cota;América Latina;1
Guatemala;1998;12,5;0;2;Sem Cota;América Latina;1
Guatemala;1999;7,08;0;2;Sem Cota;América Latina;1
Guatemala;2000;7,1;0;2;Sem Cota;América Latina;1
Guatemala;2001;7,08;0;2;Sem Cota;América Latina;1
Guatemala;2002;7,08;0;2;Sem Cota;América Latina;1
Guatemala;2003;7,1;0;2;Sem Cota;América Latina;1
Guatemala;2004;8,23;0;2;Sem Cota;América Latina;1
Guatemala;2005;8,23;0;2;Sem Cota;América Latina;1
Guatemala;2006;8,23;0;2;Sem Cota;América Latina;1
Guatemala;2007;12,03;0;2;Sem Cota;América Latina;1
Guatemala;2008;12,03;0;2;Sem Cota;América Latina;1
Guatemala;2009;12,03;0;2;Sem Cota;América Latina;1
Guatemala;2010;12,03;0;2;Sem Cota;América Latina;1
Guatemala;2011;13,29;0;2;Sem Cota;América Latina;1
Guatemala;2012;13,29;0;2;Sem Cota;América Latina;1
Guatemala;2013;13,29;0;2;Sem Cota;América Latina;1
Guatemala;2014;13,29;0;2;Sem Cota;América Latina;1
Guatemala;2015;13,92;0;2;Sem Cota;América Latina;1
Guatemala;2016;12,66;0;2;Sem Cota;América Latina;1
Guatemala;2017;12,66;0;2;Sem Cota;América Latina;1
Guatemala;2018;18,99;0;2;Sem Cota;América Latina;1
Guatemala;2019;19,38;0;2;Sem Cota;América Latina;1
Guatemala;2020;19,38;0;2;Sem Cota;América Latina;1
Honduras;1981;8,5;0;2;Sem Cota;América Latina;1
Honduras;1982;8,5;0;2;Sem Cota;América Latina;1
Honduras;1983;8,5;0;2;Sem Cota;América Latina;1
Honduras;1984;8,5;0;2;Sem Cota;América Latina;1
Honduras;1985;7,5;0;2;Sem Cota;América Latina;1
Honduras;1986;7,5;0;2;Sem Cota;América Latina;1
Honduras;1987;7,5;0;2;Sem Cota;América Latina;1
Honduras;1988;7,5;0;2;Sem Cota;América Latina;1
Honduras;1989;10,2;0;2;Sem Cota;América Latina;1
Honduras;1990;10,2;0;2;Sem Cota;América Latina;1
Honduras;1991;10,2;0;2;Sem Cota;América Latina;1
Honduras;1992;10,2;0;2;Sem Cota;América Latina;1
Honduras;1993;7;0;2;Sem Cota;América Latina;1
Honduras;1994;7;0;2;Sem Cota;América Latina;1
Honduras;1995;7;0;2;Sem Cota;América Latina;1
Honduras;1996;7;0;2;Sem Cota;América Latina;1
Honduras;1997;9,4;0;2;Sem Cota;América Latina;1
Honduras;1998;9,4;0;2;Sem Cota;América Latina;1
Honduras;1999;9,38;0;2;Sem Cota;América Latina;1
Honduras;2000;9,38;0;2;Sem Cota;América Latina;1
Honduras;2001;5,47;1;2;Legislativa;América Latina;1
Honduras;2002;5,47;1;2;Legislativa;América Latina;1
Honduras;2003;5,47;1;2;Legislativa;América Latina;1
Honduras;2004;5,47;1;2;Legislativa;América Latina;1
Honduras;2005;23,44;1;2;Legislativa;América Latina;1
Honduras;2006;23,44;1;2;Legislativa;América Latina;1
Honduras;2007;23,44;1;2;Legislativa;América Latina;1
Honduras;2008;23,44;1;2;Legislativa;América Latina;1
Honduras;2009;17,97;1;2;Legislativa;América Latina;1
Honduras;2010;17,97;1;2;Legislativa;América Latina;1
Honduras;2011;17,97;1;2;Legislativa;América Latina;1
Honduras;2012;17,97;1;2;Legislativa;América Latina;1
Honduras;2013;25,78;2;2;Legislativa;América Latina;1
Honduras;2014;25,78;2;2;Legislativa;América Latina;1
Honduras;2015;25,78;2;2;Legislativa;América Latina;1
Honduras;2016;25,78;2;2;Legislativa;América Latina;1
Honduras;2017;25,78;2;2;Legislativa;América Latina;1
Honduras;2018;21,09;2;2;Legislativa;América Latina;1
Honduras;2019;21,09;2;2;Legislativa;América Latina;1
Honduras;2020;21,09;2;2;Legislativa;América Latina;1
Mexico;1952;0,6;0;2;Sem Cota;América Latina;1
Mexico;1953;0,6;0;2;Sem Cota;América Latina;1
Mexico;1954;0,6;0;2;Sem Cota;América Latina;1
Mexico;1955;2,5;0;2;Sem Cota;América Latina;1
Mexico;1956;2,5;0;2;Sem Cota;América Latina;1
Mexico;1957;2,5;0;2;Sem Cota;América Latina;1
Mexico;1958;4,9;0;2;Sem Cota;América Latina;1
Mexico;1959;4,9;0;2;Sem Cota;América Latina;1
Mexico;1960;4,9;0;2;Sem Cota;América Latina;1
Mexico;1961;4,3;0;2;Sem Cota;América Latina;1
Mexico;1962;4,3;0;2;Sem Cota;América Latina;1
Mexico;1963;4,3;0;2;Sem Cota;América Latina;1
Mexico;1964;6,2;0;2;Sem Cota;América Latina;1
Mexico;1965;6,2;0;2;Sem Cota;América Latina;1
Mexico;1966;6,2;0;2;Sem Cota;América Latina;1
Mexico;1967;5,7;0;2;Sem Cota;América Latina;1
Mexico;1968;5,7;0;2;Sem Cota;América Latina;1
Mexico;1969;5,7;0;2;Sem Cota;América Latina;1
Mexico;1970;5,2;0;2;Sem Cota;América Latina;1
Mexico;1971;5,2;0;2;Sem Cota;América Latina;1
Mexico;1972;5,2;0;2;Sem Cota;América Latina;1
Mexico;1973;6;0;2;Sem Cota;América Latina;1
Mexico;1974;6;0;2;Sem Cota;América Latina;1
Mexico;1975;6;0;2;Sem Cota;América Latina;1
Mexico;1976;8;0;2;Sem Cota;América Latina;1
Mexico;1977;8;0;2;Sem Cota;América Latina;1
Mexico;1978;8;0;2;Sem Cota;América Latina;1
Mexico;1979;7,8;0;2;Sem Cota;América Latina;1
Mexico;1980;7,8;0;2;Sem Cota;América Latina;1
Mexico;1981;7,8;0;2;Sem Cota;América Latina;1
Mexico;1982;11,3;0;2;Sem Cota;América Latina;1
Mexico;1983;11,3;0;2;Sem Cota;América Latina;1
Mexico;1984;11,3;0;2;Sem Cota;América Latina;1
Mexico;1985;11;0;2;Sem Cota;América Latina;1
Mexico;1986;11;0;2;Sem Cota;América Latina;1
Mexico;1987;11;0;2;Sem Cota;América Latina;1
Mexico;1988;12;0;2;Sem Cota;América Latina;1
Mexico;1989;12;0;2;Sem Cota;América Latina;1
Mexico;1990;12;0;2;Sem Cota;América Latina;1
Mexico;1991;7,6;0;2;Sem Cota;América Latina;1
Mexico;1992;7,6;0;2;Sem Cota;América Latina;1
Mexico;1993;7,6;0;2;Sem Cota;América Latina;1
Mexico;1994;14,2;0;2;Sem Cota;América Latina;1
Mexico;1995;14,2;0;2;Sem Cota;América Latina;1
Mexico;1996;14,2;0;2;Sem Cota;América Latina;1
Mexico;1997;14,2;0;2;Sem Cota;América Latina;1
Mexico;1998;14,2;0;2;Sem Cota;América Latina;1
Mexico;1999;14,2;0;2;Sem Cota;América Latina;1
Mexico;2000;16;0;2;Sem Cota;América Latina;1
Mexico;2001;16;0;2;Sem Cota;América Latina;1
Mexico;2002;16;0;2;Sem Cota;América Latina;1
Mexico;2003;22,6;3;2;Legislativa;América Latina;1
Mexico;2004;22,6;3;2;Legislativa;América Latina;1
Mexico;2005;22,6;3;2;Legislativa;América Latina;1
Mexico;2006;22,6;3;2;Legislativa;América Latina;1
Mexico;2007;23,2;3;2;Legislativa;América Latina;1
Mexico;2008;22,6;3;2;Legislativa;América Latina;1
Mexico;2009;28,2;3;2;Legislativa;América Latina;1
Mexico;2010;26,2;3;2;Legislativa;América Latina;1
Mexico;2011;28,2;3;2;Legislativa;América Latina;1
Mexico;2012;36,8;3;2;Legislativa;América Latina;1
Mexico;2013;36,8;3;2;Legislativa;América Latina;1
Mexico;2014;37,4;3;2;Legislativa;América Latina;1
Mexico;2015;42,37;3;2;Legislativa;América Latina;1
Mexico;2016;42,37;3;2;Legislativa;América Latina;1
Mexico;2017;42,6;3;2;Legislativa;América Latina;1
Mexico;2018;48,2;3;2;Legislativa;América Latina;1
Mexico;2019;48,2;3;2;Legislativa;América Latina;1
Mexico;2020;48,2;3;2;Legislativa;América Latina;1
Nicaragua;1985;14,8;0;2;Sem Cota;América Latina;1
Nicaragua;1986;14,8;0;2;Sem Cota;América Latina;1
Nicaragua;1987;14,8;0;2;Sem Cota;América Latina;1
Nicaragua;1988;14,8;0;2;Sem Cota;América Latina;1
Nicaragua;1989;14,8;0;2;Sem Cota;América Latina;1
Nicaragua;1990;16,3;0;2;Sem Cota;América Latina;1
Nicaragua;1991;16,3;0;2;Sem Cota;América Latina;1
Nicaragua;1992;16,3;0;2;Sem Cota;América Latina;1
Nicaragua;1993;16,3;0;2;Sem Cota;América Latina;1
Nicaragua;1994;16,3;0;2;Sem Cota;América Latina;1
Nicaragua;1995;16,3;0;2;Sem Cota;América Latina;1
Nicaragua;1996;10,8;0;2;Sem Cota;América Latina;1
Nicaragua;1997;10,8;0;2;Sem Cota;América Latina;1
Nicaragua;1998;10,8;0;2;Sem Cota;América Latina;1
Nicaragua;1999;10,8;0;2;Sem Cota;América Latina;1
Nicaragua;2000;10,8;0;2;Sem Cota;América Latina;1
Nicaragua;2001;20,65;0;2;Sem Cota;América Latina;1
Nicaragua;2002;20,65;0;2;Sem Cota;América Latina;1
Nicaragua;2003;20,65;0;2;Sem Cota;América Latina;1
Nicaragua;2004;20,65;0;2;Sem Cota;América Latina;1
Nicaragua;2005;20,65;0;2;Sem Cota;América Latina;1
Nicaragua;2006;15,22;0;2;Sem Cota;América Latina;1
Nicaragua;2007;18,48;0;2;Sem Cota;América Latina;1
Nicaragua;2008;18,48;0;2;Sem Cota;América Latina;1
Nicaragua;2009;20,65;0;2;Sem Cota;América Latina;1
Nicaragua;2010;20,65;0;2;Sem Cota;América Latina;1
Nicaragua;2011;40,22;0;2;Sem Cota;América Latina;1
Nicaragua;2012;40,22;0;2;Sem Cota;América Latina;1
Nicaragua;2013;40,22;0;2;Sem Cota;América Latina;1
Nicaragua;2014;40,2;0;2;Sem Cota;América Latina;1
Nicaragua;2015;40,2;0;2;Sem Cota;América Latina;1
Nicaragua;2016;42,4;1;2;Legislativa;América Latina;1
Nicaragua;2017;45,65;1;2;Legislativa;América Latina;1
Nicaragua;2018;44,57;1;2;Legislativa;América Latina;1
Nicaragua;2019;47,25;1;2;Legislativa;América Latina;1
Nicaragua;2020;47,25;1;2;Legislativa;América Latina;1
Panama;1984;6;0;2;Sem Cota;América Latina;1
Panama;1985;6;0;2;Sem Cota;América Latina;1
Panama;1986;6;0;2;Sem Cota;América Latina;1
Panama;1987;6;0;2;Sem Cota;América Latina;1
Panama;1988;6;0;2;Sem Cota;América Latina;1
Panama;1989;6;0;2;Sem Cota;América Latina;1
Panama;1990;7,5;0;2;Sem Cota;América Latina;1
Panama;1991;7,5;0;2;Sem Cota;América Latina;1
Panama;1992;7,5;0;2;Sem Cota;América Latina;1
Panama;1993;7,5;0;2;Sem Cota;América Latina;1
Panama;1994;8,3;0;2;Sem Cota;América Latina;1
Panama;1995;8,3;0;2;Sem Cota;América Latina;1
Panama;1996;8,3;0;2;Sem Cota;América Latina;1
Panama;1997;8,3;0;2;Sem Cota;América Latina;1
Panama;1998;8,3;0;2;Sem Cota;América Latina;1
Panama;1999;9,72;0;2;Sem Cota;América Latina;1
Panama;2000;9,72;0;2;Sem Cota;América Latina;1
Panama;2001;9,72;0;2;Sem Cota;América Latina;1
Panama;2002;9,72;0;2;Sem Cota;América Latina;1
Panama;2003;9,72;0;2;Sem Cota;América Latina;1
Panama;2004;16,67;0;2;Sem Cota;América Latina;1
Panama;2005;16,67;0;2;Sem Cota;América Latina;1
Panama;2006;16,67;0;2;Sem Cota;América Latina;1
Panama;2007;16,67;0;2;Sem Cota;América Latina;1
Panama;2008;16,67;0;2;Sem Cota;América Latina;1
Panama;2009;8,45;0;2;Sem Cota;América Latina;1
Panama;2010;8,45;0;2;Sem Cota;América Latina;1
Panama;2011;8,45;0;2;Sem Cota;América Latina;1
Panama;2012;8,45;0;2;Sem Cota;América Latina;1
Panama;2013;8,45;0;2;Sem Cota;América Latina;1
Panama;2014;18,31;0;2;Sem Cota;América Latina;1
Panama;2015;18,31;0;2;Sem Cota;América Latina;1
Panama;2016;18,31;0;2;Sem Cota;América Latina;1
Panama;2017;18,31;0;2;Sem Cota;América Latina;1
Panama;2018;18,31;0;2;Sem Cota;América Latina;1
Panama;2019;22,54;0;2;Sem Cota;América Latina;1
Panama;2020;22,54;0;2;Sem Cota;América Latina;1
Paraguay;1963;3,3;0;2;Sem Cota;América Latina;1
Paraguay;1964;3,3;0;2;Sem Cota;América Latina;1
Paraguay;1965;3,3;0;2;Sem Cota;América Latina;1
Paraguay;1966;3,3;0;2;Sem Cota;América Latina;1
Paraguay;1967;1,8;0;2;Sem Cota;América Latina;1
Paraguay;1968;3,3;0;2;Sem Cota;América Latina;1
Paraguay;1969;3,3;0;2;Sem Cota;América Latina;1
Paraguay;1970;3,3;0;2;Sem Cota;América Latina;1
Paraguay;1971;3,3;0;2;Sem Cota;América Latina;1
Paraguay;1972;3,3;0;2;Sem Cota;América Latina;1
Paraguay;1973;5;0;2;Sem Cota;América Latina;1
Paraguay;1974;5;0;2;Sem Cota;América Latina;1
Paraguay;1975;5;0;2;Sem Cota;América Latina;1
Paraguay;1976;5;0;2;Sem Cota;América Latina;1
Paraguay;1977;5;0;2;Sem Cota;América Latina;1
Paraguay;1978;3,3;0;2;Sem Cota;América Latina;1
Paraguay;1979;3,3;0;2;Sem Cota;América Latina;1
Paraguay;1980;3,3;0;2;Sem Cota;América Latina;1
Paraguay;1981;3,3;0;2;Sem Cota;América Latina;1
Paraguay;1982;3,3;0;2;Sem Cota;América Latina;1
Paraguay;1983;1,7;0;2;Sem Cota;América Latina;1
Paraguay;1984;1,7;0;2;Sem Cota;América Latina;1
Paraguay;1985;1,7;0;2;Sem Cota;América Latina;1
Paraguay;1986;1,7;0;2;Sem Cota;América Latina;1
Paraguay;1987;1,7;0;2;Sem Cota;América Latina;1
Paraguay;1988;2,8;0;2;Sem Cota;América Latina;1
Paraguay;1989;5,6;0;2;Sem Cota;América Latina;1
Paraguay;1990;5,6;0;2;Sem Cota;América Latina;1
Paraguay;1991;5,6;0;2;Sem Cota;América Latina;1
Paraguay;1992;5,6;0;2;Sem Cota;América Latina;1
Paraguay;1993;2,5;0;2;Sem Cota;América Latina;1
Paraguay;1994;2,5;0;2;Sem Cota;América Latina;1
Paraguay;1995;2,5;0;2;Sem Cota;América Latina;1
Paraguay;1996;2,5;0;2;Sem Cota;América Latina;1
Paraguay;1997;2,5;0;2;Sem Cota;América Latina;1
Paraguay;1998;2,5;3;2;Legislativa;América Latina;1
Paraguay;1999;2,5;3;2;Legislativa;América Latina;1
Paraguay;2000;2,5;3;2;Legislativa;América Latina;1
Paraguay;2001;2,5;3;2;Legislativa;América Latina;1
Paraguay;2002;2,5;3;2;Legislativa;América Latina;1
Paraguay;2003;8,8;3;2;Legislativa;América Latina;1
Paraguay;2004;10;3;2;Legislativa;América Latina;1
Paraguay;2005;10;3;2;Legislativa;América Latina;1
Paraguay;2006;10;3;2;Legislativa;América Latina;1
Paraguay;2007;10;3;2;Legislativa;América Latina;1
Paraguay;2008;12,5;3;2;Legislativa;América Latina;1
Paraguay;2009;12,5;3;2;Legislativa;América Latina;1
Paraguay;2010;12,5;3;2;Legislativa;América Latina;1
Paraguay;2011;12,5;3;2;Legislativa;América Latina;1
Paraguay;2012;12,5;3;2;Legislativa;América Latina;1
Paraguay;2013;12,5;3;2;Legislativa;América Latina;1
Paraguay;2014;15;3;2;Legislativa;América Latina;1
Paraguay;2015;15;3;2;Legislativa;América Latina;1
Paraguay;2016;13,75;3;2;Legislativa;América Latina;1
Paraguay;2017;13,75;3;2;Legislativa;América Latina;1
Paraguay;2018;15;3;2;Legislativa;América Latina;1
Paraguay;2019;16,25;3;2;Legislativa;América Latina;1
Paraguay;2020;16,25;3;2;Legislativa;América Latina;1
Peru;1995;10;0;2;Sem Cota;América Latina;1
Peru;1996;10;0;2;Sem Cota;América Latina;1
Peru;1997;10;0;2;Sem Cota;América Latina;1
Peru;1998;10;0;2;Sem Cota;América Latina;1
Peru;1999;10;0;2;Sem Cota;América Latina;1
Peru;2000;10;3;2;Legislativa;América Latina;1
Peru;2001;18,33;3;2;Legislativa;América Latina;1
Peru;2002;18,33;3;2;Legislativa;América Latina;1
Peru;2003;18,33;3;2;Legislativa;América Latina;1
Peru;2004;18,33;3;2;Legislativa;América Latina;1
Peru;2005;18,33;3;2;Legislativa;América Latina;1
Peru;2006;29,17;3;2;Legislativa;América Latina;1
Peru;2007;29,17;3;2;Legislativa;América Latina;1
Peru;2008;29,17;3;2;Legislativa;América Latina;1
Peru;2009;27,5;3;2;Legislativa;América Latina;1
Peru;2010;27,5;3;2;Legislativa;América Latina;1
Peru;2011;21,54;3;2;Legislativa;América Latina;1
Peru;2012;21,54;3;2;Legislativa;América Latina;1
Peru;2013;21,54;3;2;Legislativa;América Latina;1
Peru;2014;22,31;3;2;Legislativa;América Latina;1
Peru;2015;22,31;3;2;Legislativa;América Latina;1
Peru;2016;27,69;3;2;Legislativa;América Latina;1
Peru;2017;27,69;3;2;Legislativa;América Latina;1
Peru;2018;30;3;2;Legislativa;América Latina;1
Peru;2019;30;3;2;Legislativa;América Latina;1
Peru;2020;26,15;3;2;Legislativa;América Latina;1
Uruguay;1985;4;0;2;Sem Cota;América Latina;1
Uruguay;1986;4;0;2;Sem Cota;América Latina;1
Uruguay;1987;4;0;2;Sem Cota;América Latina;1
Uruguay;1988;4;0;2;Sem Cota;América Latina;1
Uruguay;1989;6,1;0;2;Sem Cota;América Latina;1
Uruguay;1990;6,1;0;2;Sem Cota;América Latina;1
Uruguay;1991;6,1;0;2;Sem Cota;América Latina;1
Uruguay;1992;6,1;0;2;Sem Cota;América Latina;1
Uruguay;1993;6,1;0;2;Sem Cota;América Latina;1
Uruguay;1994;7,1;0;2;Sem Cota;América Latina;1
Uruguay;1995;7,1;0;2;Sem Cota;América Latina;1
Uruguay;1996;7,1;0;2;Sem Cota;América Latina;1
Uruguay;1997;7,1;0;2;Sem Cota;América Latina;1
Uruguay;1998;7,1;0;2;Sem Cota;América Latina;1
Uruguay;1999;12,12;0;2;Sem Cota;América Latina;1
Uruguay;2000;12,12;0;2;Sem Cota;América Latina;1
Uruguay;2001;12,12;0;2;Sem Cota;América Latina;1
Uruguay;2002;12,12;0;2;Sem Cota;América Latina;1
Uruguay;2003;12,12;0;2;Sem Cota;América Latina;1
Uruguay;2004;12,12;0;2;Sem Cota;América Latina;1
Uruguay;2005;12,12;0;2;Sem Cota;América Latina;1
Uruguay;2006;12,12;0;2;Sem Cota;América Latina;1
Uruguay;2007;12,12;0;2;Sem Cota;América Latina;1
Uruguay;2008;12,12;0;2;Sem Cota;América Latina;1
Uruguay;2009;14,14;0;2;Sem Cota;América Latina;1
Uruguay;2010;15,15;0;2;Sem Cota;América Latina;1
Uruguay;2011;14,14;0;2;Sem Cota;América Latina;1
Uruguay;2012;14,14;0;2;Sem Cota;América Latina;1
Uruguay;2013;14,14;0;2;Sem Cota;América Latina;1
Uruguay;2014;22,22;3;2;Legislativa;América Latina;1
Uruguay;2015;22,22;3;2;Legislativa;América Latina;1
Uruguay;2016;20,2;3;2;Legislativa;América Latina;1
Uruguay;2017;20,2;3;2;Legislativa;América Latina;1
Uruguay;2018;22,22;3;2;Legislativa;América Latina;1
Uruguay;2019;21,21;3;2;Legislativa;América Latina;1
Uruguay;2020;21,21;3;2;Legislativa;América Latina;1
Venezuela;1958;2,3;0;2;Sem Cota;América Latina;1
Venezuela;1959;2,3;0;2;Sem Cota;América Latina;1
Venezuela;1960;2,3;0;2;Sem Cota;América Latina;1
Venezuela;1961;2,3;0;2;Sem Cota;América Latina;1
Venezuela;1962;2,3;0;2;Sem Cota;América Latina;1
Venezuela;1963;3,4;0;2;Sem Cota;América Latina;1
Venezuela;1964;3,4;0;2;Sem Cota;América Latina;1
Venezuela;1965;3,4;0;2;Sem Cota;América Latina;1
Venezuela;1966;3,4;0;2;Sem Cota;América Latina;1
Venezuela;1967;3,4;0;2;Sem Cota;América Latina;1
Venezuela;1968;0;0;2;Sem Cota;América Latina;1
Venezuela;1969;0;0;2;Sem Cota;América Latina;1
Venezuela;1970;0;0;2;Sem Cota;América Latina;1
Venezuela;1971;0;0;2;Sem Cota;América Latina;1
Venezuela;1972;0;0;2;Sem Cota;América Latina;1
Venezuela;1973;2,5;0;2;Sem Cota;América Latina;1
Venezuela;1974;2,5;0;2;Sem Cota;América Latina;1
Venezuela;1975;2,5;0;2;Sem Cota;América Latina;1
Venezuela;1976;2,5;0;2;Sem Cota;América Latina;1
Venezuela;1977;2,5;0;2;Sem Cota;América Latina;1
Venezuela;1978;3;0;2;Sem Cota;América Latina;1
Venezuela;1979;3;0;2;Sem Cota;América Latina;1
Venezuela;1980;3;0;2;Sem Cota;América Latina;1
Venezuela;1981;3;0;2;Sem Cota;América Latina;1
Venezuela;1982;3;0;2;Sem Cota;América Latina;1
Venezuela;1983;3,5;0;2;Sem Cota;América Latina;1
Venezuela;1984;3,5;0;2;Sem Cota;América Latina;1
Venezuela;1985;3,5;0;2;Sem Cota;América Latina;1
Venezuela;1986;3,5;0;2;Sem Cota;América Latina;1
Venezuela;1987;3,5;0;2;Sem Cota;América Latina;1
Venezuela;1988;10;0;2;Sem Cota;América Latina;1
Venezuela;1989;10;0;2;Sem Cota;América Latina;1
Venezuela;1990;10;0;2;Sem Cota;América Latina;1
Venezuela;1991;10;0;2;Sem Cota;América Latina;1
Venezuela;1992;10;0;2;Sem Cota;América Latina;1
Venezuela;1993;5,9;0;2;Sem Cota;América Latina;1
Venezuela;1994;5,9;0;2;Sem Cota;América Latina;1
Venezuela;1995;5,9;0;2;Sem Cota;América Latina;1
Venezuela;1996;5,9;0;2;Sem Cota;América Latina;1
Venezuela;1997;5,9;0;2;Sem Cota;América Latina;1
Venezuela;1998;12,1;1;2;Legislativa;América Latina;1
Venezuela;1999;8,77;1;2;Legislativa;América Latina;1
Venezuela;2000;9,7;1;2;Legislativa;América Latina;1
Venezuela;2001;9,7;0;2;Sem Cota;América Latina;1
Venezuela;2002;9,7;0;2;Sem Cota;América Latina;1
Venezuela;2003;9,7;0;2;Sem Cota;América Latina;1
Venezuela;2004;9,7;0;2;Sem Cota;América Latina;1
Venezuela;2005;17,37;0;2;Sem Cota;América Latina;1
Venezuela;2006;17,96;0;2;Sem Cota;América Latina;1
Venezuela;2007;18,56;0;2;Sem Cota;América Latina;1
Venezuela;2008;17,37;0;2;Sem Cota;América Latina;1
Venezuela;2009;17,47;0;2;Sem Cota;América Latina;1
Venezuela;2010;16,97;0;2;Sem Cota;América Latina;1
Venezuela;2011;16,97;0;2;Sem Cota;América Latina;1
Venezuela;2012;16,97;0;2;Sem Cota;América Latina;1
Venezuela;2013;16,97;0;2;Sem Cota;América Latina;1
Venezuela;2014;16,97;0;2;Sem Cota;América Latina;1
Venezuela;2015;14,37;3;2;Legislativa;América Latina;1
Venezuela;2016;22,16;3;2;Legislativa;América Latina;1
Venezuela;2017;22,16;3;2;Legislativa;América Latina;1
Venezuela;2018;22,16;3;2;Legislativa;América Latina;1
Venezuela;2019;22,16;3;2;Legislativa;América Latina;1
Venezuela;2020;22,16;3;2;Legislativa;América Latina;1
